PassengerId,Survived,Pclass,Name,Sex,Age,SibSp,Parch,Ticket,Fare,Cabin,Embarked,Country,ExternalSourceRow
2,0,3,"Abbott, Mr. Eugene Joseph",male,13.0,0,2,2673.0,20.05,,S,United States,2
4,1,3,"Abbott, Mrs. Rhoda Mary 'Rosa'",female,39.0,1,1,2673.0,20.05,,S,England,4
5,1,3,"Abelseth, Miss. Karen Marie",female,16.0,0,0,348125.0,7.13,,S,Norway,5
6,1,3,"Abelseth, Mr. Olaus Jørgensen",male,25.0,0,0,348122.0,7.13,,S,United States,6
8,1,2,"Abelson, Mrs. Hannah",female,28.0,1,0,3381.0,24.0,,C,France,8
9,1,3,"Abī-Al-Munà, Mr. Nāsīf Qāsim",male,27.0,0,0,2699.0,18.1509,,C,Lebanon,9
10,1,3,"Abrahamsson, Mr. Abraham August Johannes",male,20.0,0,0,3101284.0,7.1806,,S,Finland,10
11,0,3,"Ådahl, Mr. Mauritz",male,30.0,0,0,7076.0,7.05,,S,Sweden,11
13,0,3,"Ahlin, Mrs. Johanna Persdotter",female,40.0,1,0,7546.0,9.0906,,S,Sweden,13
14,1,3,"Aks, Master. Frank Philip",male,0.8333333333,0,1,392091.0,9.07,,S,England,14
15,1,3,"Aks, Mrs. Leah",female,18.0,0,1,392091.0,9.07,,S,England,15
16,0,2,"Aldworth, Mr. Augustus Henry",male,35.0,0,0,248744.0,13.0,,S,England,16
17,0,3,"Alexander, Mr. William Albert",male,25.0,0,0,3474.0,7.1709,,S,England,17
25,0,1,"Allison, Mr. Hudson Joshua Creighton",male,30.0,1,2,113781.0,151.16,,S,Canada,25
26,0,1,"Allison, Mrs. Bessie Waldo",female,25.0,1,2,113781.0,151.16,,S,United States,26
28,0,3,"Al-Munà, Mr. Farīd Husayn Qāsim",male,19.0,0,0,2700.0,7.0407,,C,Lebanon,28
30,0,3,"Andersen, Mr. Albert Karvin",male,33.0,0,0,4001.0,22.1006,,S,Norway,30
36,0,3,"Andersson, Miss. Ida Augusta Margareta",female,38.0,4,2,347091.0,7.1506,,S,Sweden,36
40,0,3,"Andersson, Mr. Johan Samuel",male,26.0,0,0,347075.0,7.1506,,S,Sweden,40
41,0,3,"Andersson, Mrs. Alfrida Konstantia Brogren",female,39.0,1,5,347082.0,31.0506,,S,Sweden,41
42,0,3,"Andreasson, Mr. Pål Edvin",male,20.0,0,0,347466.0,7.1701,,S,Sweden,42
43,0,2,"Andrew, Mr. Edgar Samuel",male,17.0,0,0,231945.0,11.1,,S,Argentina,43
44,0,2,"Andrew, Mr. Frank Thomas",male,27.0,0,0,34050.0,10.1,,S,England,44
46,0,1,"Andrews, Mr. Thomas",male,39.0,0,0,112050.0,,,B,Northern Ireland,46
47,0,3,"Angheloff, Mr. Minko",male,26.0,0,0,349202.0,7.1711,,S,Bulgaria,47
48,1,2,"Angle, Mrs. Florence Agnes",female,36.0,1,0,226875.0,26.0,,S,England,48
49,0,2,"Angle, Mr. William",male,31.0,1,0,226875.0,26.0,,S,England,49
50,1,1,"Appleton, Mrs. Charlotte",female,53.0,2,0,11769.0,51.0907,,S,United States,50
52,0,3,"Arnold-Franchi, Mrs. Josefine",female,18.0,1,0,349237.0,17.16,,S,Switzerland,52
53,0,3,"Aronsson, Mr. Ernst Axel Algot",male,25.0,0,0,349911.0,7.1506,,S,Sweden,53
55,0,2,"Ashby, Mr. John",male,57.0,0,0,244346.0,13.0,,S,England,55
57,0,3,"Asplund, Master. Carl Edgar",male,5.0,4,2,347077.0,31.0709,,S,Sweden,57
60,0,3,"Asplund, Master. Filip Oscar",male,13.0,4,2,347077.0,31.0709,,S,Sweden,60
62,0,3,"Asplund, Mr. Carl Oscar Vilhelm Gustafsson",male,40.0,1,5,347077.0,31.0709,,S,Sweden,62
63,1,3,"Asplund, Mr. Johan Charles",male,23.0,0,0,350054.0,7.1511,,S,Sweden,63
64,1,3,"Asplund, Mrs. Selma Augusta Emilia",female,38.0,1,5,347077.0,31.0709,,S,Sweden,64
65,1,3,"Assaf, Mrs. Mariana",female,45.0,0,0,2696.0,7.0406,,C,Lebanon,65
66,0,3,"Assam, Mr. Ali",male,23.0,0,0,3101309.0,7.01,,S,Argentina,66
67,0,1,"Astor, Colonel. John Jacob",male,47.0,1,0,17757.0,247.1006,,C,United States,67
68,1,1,"Astor, Mrs. Madeleine Talmage",female,18.0,1,0,17757.0,247.1006,,C,United States,68
70,0,3,"Attala, Mr. Sleiman",male,27.0,0,0,2694.0,7.0406,,C,Canada,70
73,1,3,"Ayoub Daher, Miss. Banoura",female,15.0,0,0,2687.0,7.0407,,C,Lebanon,73
75,1,3,"Backström, Mrs. Maria Mathilda",female,33.0,3,0,3101278.0,15.17,,S,Finland,75
79,1,3,"Baclini, Mrs. Latifa",female,23.0,0,3,2666.0,19.0502,,C,Lebanon,79
80,1,3,"Badman, Miss. Emily Louisa",female,18.0,0,0,31416.0,8.01,,S,England,80
82,0,2,"Bailey, Mr. Percy",male,18.0,0,0,29108.0,11.1,,S,England,82
83,0,2,"Bainbrigge, Mr. Charles Robert",male,22.0,0,0,31030.0,10.1,,S,Channel Islands,83
85,1,2,"Balls, Mrs. Ada E.",female,36.0,0,0,28551.0,13.0,,S,England,85
87,1,3,"Banski, Mrs. Mara",female,31.0,0,0,349244.0,8.1308,,S,Hungary,87
90,1,1,"Barber, Miss. Ellen Mary",female,27.0,0,0,19877.0,78.17,,S,,90
91,1,1,"Barkworth, Mr. Algernon Henry",male,47.0,0,0,27042.0,30.0,,S,England,91
92,0,3,"Barry, Miss. Julia",female,30.0,0,0,330844.0,7.1707,,Q,Ireland,92
94,1,1,"Bassani, Mrs. Albina",female,32.0,0,0,11813.0,76.051,,C,Italy,94
95,0,2,"Bateman, Revd. Robert James",male,52.0,0,0,1166.0,12.1006,,S,England,95
96,0,3,"Batoshev, Mr. Hristo Lalev",male,23.0,0,0,349217.0,7.1711,,S,Bulgaria,96
99,1,1,"Baxter, Mrs. Hélène",female,50.0,0,1,17558.0,247.1005,,C,Canada,99
101,1,2,"Beane, Mrs. Ethel",female,22.0,1,0,2908.0,26.0,,S,England,101
102,0,1,"Beattie, Mr. Thomson",male,36.0,0,0,13050.0,75.041,,S,Canada,102
103,0,2,"Beauchamp, Mr. Henry James",male,44.0,0,0,244358.0,26.0,,S,England,103
107,1,2,"Becker, Miss. Ruth Elizabeth",female,12.0,2,1,230136.0,39.0,,S,India,107
108,1,2,"Becker, Mrs. Nellie E.",female,35.0,0,3,230136.0,39.0,,S,United States,108
110,1,1,"Beckwith, Mrs. Sallie",female,46.0,1,1,11751.0,52.1101,,S,United States,110
113,0,3,"Bengtsson, Mr. Johan Viktor",male,26.0,0,0,347068.0,7.1506,,S,Sweden,113
114,1,2,"Bentham, Miss. Lillian W.",female,19.0,0,0,28404.0,13.0,,S,United States,114
117,1,1,"Bessette, Miss. Nellie Mayo",female,39.0,0,0,17760.0,63.0702,,C,United States,117
120,1,1,"Bird, Miss. Ellen",female,31.0,0,0,17483.0,221.1507,,S,England,120
122,0,1,"Birnbaum, Mr. Jakob",male,24.0,0,0,13905.0,26.0,,C,,122
124,1,1,"Bishop, Mrs. Helen",female,19.0,1,0,11967.0,91.0107,,C,United States,124
125,0,3,"Björklund, Mr. Ernst Herbert",male,18.0,0,0,347090.0,7.15,,S,Sweden,125
126,1,1,"Björnström-Steffansson, Mr. Mauritz Hokan",male,28.0,0,0,110564.0,26.11,,S,Sweden,126
129,1,1,"Bonnell, Miss. Caroline",female,30.0,0,0,36928.0,164.1704,,S,United States,129
131,0,1,"Borebank, Mr. John James",male,41.0,0,0,110489.0,26.11,,S,England,131
133,0,2,"Botsford, Mr. William Hull",male,25.0,0,0,237670.0,13.0,,S,United States,133
136,0,3,"Bourke, Mrs. Catherine",female,32.0,1,1,364849.0,15.1,,Q,Ireland,136
137,1,1,"Bowen, Miss. Grace Scott",female,45.0,0,0,17608.0,262.0706,,C,United States,137
139,0,2,"Bowenur, Mr. Solomon",male,42.0,0,0,211535.0,13.0,,S,,139
141,0,2,"Bracken, Mr. James Hollen",male,30.0,0,0,220367.0,13.0,,S,United States,141
142,1,3,"Bradley, Miss. Bridget Delia",female,22.0,0,0,334914.0,7.1406,,Q,Ireland,142
143,0,1,"Brady, Mr. John Bertram",male,41.0,0,0,113054.0,30.1,,S,United States,143
144,0,3,"Braf, Miss. Elin Ester Maria",female,20.0,0,0,347471.0,7.1701,,S,Sweden,144
145,0,2,"Brailey, Mr. William Theodore Ronald",male,24.0,,,250654.0,,,S,England,145
146,0,1,"Brandeis, Mr. Emil Franklin",male,48.0,0,0,17591.0,50.0911,,C,United States,146
149,1,1,"Brereton, Mr. George Andrew",male,37.0,0,0,111427.0,26.11,,S,United States,149
151,0,2,"Bricoux, Mr. Roger Marie",male,20.0,,,250654.0,,,S,France,151
152,0,2,"Brito, Mr. José Joaquim de",male,32.0,0,0,244360.0,13.0,,S,,152
153,0,3,"Brobäck, Mr. Karl Rudolf",male,22.0,0,0,350045.0,7.1511,,S,Sweden,153
155,1,2,"Brown, Miss. Amelia Mary",female,18.0,0,0,248733.0,13.0,,S,England,155
156,1,2,"Brown, Miss. Edith Eileen",female,15.0,0,2,29750.0,39.0,,S,South Africa,156
157,1,1,"Brown, Mrs. Caroline Lane",female,59.0,2,0,11769.0,51.0907,,S,United States,157
158,1,2,"Brown, Mrs. Elizabeth Catherine",female,40.0,1,1,29750.0,39.0,,S,South Africa,158
159,1,1,"Brown, Mrs. Margaret",female,44.0,0,0,17610.0,27.1405,,C,United States,159
161,1,2,"Bryhl, Miss. Dagmar Jenny Ingeborg",female,20.0,1,0,236853.0,26.0,,S,Sweden,161
163,0,3,"Buckley, Miss. Katherine",female,22.0,0,0,329944.0,7.0508,,Q,Ireland,163
164,1,3,"Buckley, Mr. Daniel",male,21.0,0,0,330920.0,7.1517,,Q,Ireland,164
165,1,1,"Bucknell, Mrs. Emma Eliza",female,58.0,0,0,11813.0,76.051,,C,India,165
166,0,3,"Būlus, Master. Akar",male,7.0,1,1,2678.0,15.0411,,C,Lebanon,166
167,0,3,"Būlus, Miss. Nūr al-'ayn",female,10.0,1,1,2678.0,15.0411,,C,Lebanon,167
168,0,3,"Būlus, Mrs. Sultānah",female,40.0,0,2,2678.0,15.0411,,C,Lebanon,168
171,0,3,"Burns, Miss. Mary Delia",female,17.0,0,0,330963.0,7.1707,,Q,Ireland,171
174,0,3,"Butrus-Ka'wī, Mr. Tannūs",male,21.0,0,0,2648.0,7.0407,,C,Lebanon,174
176,0,2,"Byles, Fr. Thomas Roussel Davids",male,42.0,0,0,244310.0,13.0,,S,England,176
178,0,3,"Cacic, Miss. Manda",female,21.0,0,0,315087.0,8.1303,,S,Croatia (Modern),178
180,0,3,"Cacic, Mr. Jego Grga",male,18.0,0,0,315091.0,8.1303,,S,Croatia (Modern),180
182,0,1,"Cairns, Mr. Alexander Milne",male,28.0,0,0,113798.0,31.0,,S,Scotland,182
185,1,2,"Caldwell, Mr. Albert Francis",male,26.0,1,1,248738.0,29.0,,S,Siam,185
186,1,2,"Caldwell, Mrs. Sylvia Mae",female,28.0,1,1,248738.0,29.0,,S,United States,186
190,0,2,"Campbell, Mr. William Henry",male,21.0,0,0,239853.0,,,B,Northern Ireland,190
192,0,3,"Canavan, Mr. Patrick",male,21.0,0,0,364858.0,7.15,,Q,Ireland,192
193,1,1,"Candee, Mrs. Helen Churchill",female,52.0,0,0,17606.0,27.0811,,C,United States,193
194,0,3,"Cann, Mr. Ernest",male,29.0,0,0,2152.0,8.01,,S,England,194
195,0,3,"Caram, Mr. Joseph",male,28.0,1,0,2689.0,14.0902,,C,Canada,195
196,0,3,"Caram, Mrs. Maria Elias",female,18.0,1,0,2689.0,14.0902,,C,Lebanon,196
198,1,1,"Cardeza, Mrs. Charlotte Wardle",female,58.0,0,1,17755.0,512.0607,,C,United States,198
201,0,3,"Carlsson, Mr. Carl Robert",male,24.0,0,0,350409.0,7.1701,,S,Sweden,201
203,0,1,"Carraú-Esteves, Mr. José Pedro",male,17.0,0,0,113059.0,47.02,,S,Uruguay,203
204,0,1,"Carrau, Mr. Francisco Mauro Severiano",male,27.0,0,0,113059.0,47.02,,S,Uruguay,204
205,0,3,"Carr, Miss. Jane",female,45.0,0,0,368364.0,7.15,,Q,Ireland,205
206,0,2,"Carter, Fr. Ernest Courtenay",male,54.0,1,0,244252.0,26.0,,S,England,206
209,0,2,"Carter, Mrs. Lilian",female,45.0,1,0,244252.0,26.0,,S,England,209
210,1,1,"Carter, Mrs. Lucile",female,36.0,1,2,113760.0,120.0,,S,United States,210
212,0,3,"Carver, Mr. Alfred John",male,28.0,0,0,370160.0,7.05,,S,England,212
213,0,1,"Case, Mr. Howard Brown",male,49.0,0,0,19924.0,26.0,,S,United States,213
214,1,1,"Cassebeer, Mrs. Eleanor Genevieve",female,36.0,0,0,17770.0,27.1405,,C,United States,214
215,1,1,"Cavendish, Mrs. Julia Florence",female,25.0,1,0,19877.0,78.17,,S,United States,215
219,1,1,"Chaffee, Mrs. Carrie Constance",female,47.0,1,0,5734.0,61.0306,,S,United States,219
221,1,1,"Chambers, Mrs. Bertha",female,32.0,1,0,113806.0,53.02,,S,United States,221
224,0,2,"Chapman, Mrs. Sara Elizabeth",female,29.0,1,0,29037.0,26.0,,S,England,224
226,1,1,"Chaudanson, Miss. Victorine",female,36.0,0,0,17608.0,262.0706,,C,,226
228,1,1,"Chevré, Mr. Paul Romaine Marie Léonce",male,45.0,0,0,17594.0,29.14,,C,Belgium,228
231,0,1,"Chisholm, Mr. Roderick Robert Crispin",male,43.0,0,0,112051.0,,,B,Scotland,231
233,1,2,"Christy, Miss. Rachel Juli Cohen",female,25.0,1,1,237789.0,30.0,,S,England,233
234,1,2,"Christy, Mrs. Alice Frances",female,52.0,0,2,237789.0,30.0,,S,England,234
235,0,3,"Chronopoulos, Mr. Apostolos M.",male,26.0,1,0,2680.0,14.0901,,C,,235
236,0,3,"Chronopoulos, Mr. Dimitrios M.",male,21.0,1,0,2680.0,14.0901,,C,,236
237,0,2,"Clarke, Mr. Charles Valentine",male,29.0,1,0,2003.0,26.0,,S,England,237
238,0,2,"Clarke, Mr. John Frederick Preston",male,28.0,,,250654.0,,,S,England,238
239,1,2,"Clarke, Mrs. Ada Maria",female,28.0,1,0,2003.0,27.0,,S,England,239
240,1,1,"Clark, Mrs. Virginia Estelle",female,26.0,1,0,13508.0,136.1507,,C,United States,240
241,0,1,"Clark, Mr. Walter Miller",male,27.0,1,0,13508.0,136.1507,,C,United States,241
242,1,1,"Cleaver, Miss. Alice Catherine",female,22.0,0,0,113781.0,151.16,,S,England,242
245,1,3,"Cohen, Mr. Gurshon",male,18.0,0,0,3540.0,8.01,,S,England,245
246,0,3,"Colbert, Mr. Patrick",male,24.0,0,0,371109.0,7.05,,Q,Ireland,246
250,1,2,"Collett, Mr. Sidney Clarence Stuart",male,25.0,0,0,28034.0,10.1,,S,England,250
254,1,2,"Collyer, Mrs. Charlotte Caroline",female,30.0,1,1,31921.0,26.05,,S,England,254
255,0,3,"Coltcheff, Mr. Peju",male,36.0,0,0,349210.0,7.1711,,S,Bulgaria,255
257,0,1,"Compton, Mr. Alexander Taylor jr",male,37.0,1,1,17756.0,83.0302,,C,United States,257
258,1,1,"Compton, Mrs. Mary Eliza",female,64.0,0,2,17756.0,83.0302,,C,United States,258
259,0,3,"Conlin, Mr. Thomas Henry",male,31.0,0,0,21332.0,7.1408,,Q,United States,259
260,0,3,"Connaughton, Mr. Michael",male,40.0,0,0,335097.0,7.15,,Q,Ireland,260
261,1,3,"Connolly, Miss. Catherine",female,23.0,0,0,370373.0,7.15,,Q,Ireland,261
265,1,2,"Cook, Mrs. Selena",female,22.0,0,0,14266.0,10.1,,S,England,265
266,0,2,"Corbett, Mrs. Irene",female,30.0,0,0,237249.0,13.0,,S,United States,266
267,0,2,"Corey, Mrs. Mary Emma",female,32.0,0,0,13534.0,21.0,,S,,267
268,0,3,"Cor, Mr. Bartol",male,35.0,0,0,349230.0,7.1711,,S,Croatia (Modern),268
269,0,3,"Cor, Mr. Ivan",male,27.0,0,0,349229.0,7.1711,,S,Hungary,269
271,0,3,"Cornblatt, Mr. Harris",male,30.0,0,0,392090.0,8.01,,S,Poland,271
272,1,1,"Cornell, Mrs. Malvina Helen",female,55.0,2,0,11770.0,25.141,,S,United States,272
273,1,3,"Corr, Miss. Ellen",female,16.0,0,0,367231.0,7.15,,Q,Ireland,273
274,0,2,"Cotterill, Mr. Henry",male,21.0,0,0,29107.0,11.1,,S,England,274
275,1,3,"Coutts, Master. Neville Leslie",male,3.0,1,1,37671.0,15.18,,S,England,275
276,1,3,"Coutts, Master. William Loch",male,9.0,1,1,37671.0,15.18,,S,England,276
277,1,3,"Coutts, Mrs. Winnie",female,36.0,0,2,37671.0,15.18,,S,England,277
279,0,1,"Crafton, Mr. John Bertram",male,59.0,0,0,113791.0,26.11,,S,United States,279
281,1,3,"Cribb, Miss. Laura Mae",female,16.0,0,1,371362.0,16.02,,S,United States,281
283,0,1,"Crosby, Captain. Edward Gifford",male,70.0,1,1,5735.0,71.0,,S,United States,283
284,1,1,"Crosby, Miss. Harriette Rebecca",female,39.0,0,2,112901.0,26.11,,S,United States,284
285,1,1,"Crosby, Mrs. Catherine Elizabeth",female,64.0,1,1,5735.0,71.0,,S,United States,285
287,0,1,"Cumings, Mr. John Bradley",male,39.0,1,0,17599.0,71.0508,,C,United States,287
288,1,1,"Cumings, Mrs. Florence Briggs",female,35.0,1,0,17599.0,71.0508,,C,Peru,288
290,0,3,"Daher, Mr. Tannous",male,28.0,0,0,2686.0,7.0407,,C,,290
292,1,3,"Dahl, Mr. Charles Edward",male,45.0,0,0,7598.0,8.01,,S,,292
294,1,3,"Daly, Miss. Margaret Marcella",female,33.0,0,0,382650.0,6.19,,Q,Ireland,294
296,1,1,"Daly, Mr. Peter Dennis",male,51.0,0,0,113055.0,26.11,,S,England,296
297,0,3,"Danbom, Master. Gilbert Sigvard Emanuel",male,0.3333333333,0,2,347080.0,14.08,,S,Sweden,297
299,0,3,"Danbom, Mrs. Anna Sigrid Maria",female,28.0,1,1,347080.0,14.08,,S,Sweden,299
301,1,1,"Daniels, Miss. Sarah Rebecca",female,36.0,0,0,113781.0,151.16,,S,England,301
303,1,1,"Davidson, Mrs. Orian",female,27.0,1,2,12750.0,52.0,,C,Canada,303
306,0,3,"Davies, Mr. Alfred James",male,24.0,2,0,48871.0,24.03,,S,England,306
308,0,3,"Davies, Mr. Evan Lewis",male,22.0,0,0,23568.0,8.01,,S,Wales,308
309,0,3,"Davies, Mr. John",male,22.0,2,0,48871.0,24.03,,S,England,309
310,0,3,"Davies, Mr. Joseph",male,17.0,2,0,48873.0,8.01,,S,England,310
311,1,2,"Davies, Mrs. Agnes",female,48.0,0,2,33112.0,36.15,,S,England,311
312,1,2,"Davis, Miss. Mary Ann Charlotte",female,28.0,0,0,237668.0,13.0,,S,England,312
313,1,3,"Davison, Mrs. Mary Elizabeth",female,34.0,1,0,386525.0,16.02,,S,England,313
314,0,3,"Davison, Mr. Thomas Henry",male,32.0,1,0,386525.0,16.02,,S,England,314
315,0,2,"Deacon, Mr. Percy William",male,18.0,0,0,14879.0,73.1,,S,England,315
317,1,3,"Dean, Miss. Elizabeth Gladys 'Millvina'",female,0.1666666667,1,2,2315.0,20.1106,,S,England,317
319,1,3,"Dean, Mrs. Eva Georgetta",female,32.0,1,2,2315.0,20.1106,,S,England,319
320,0,3,"Delalic, Mr. Redjo",male,25.0,0,0,349250.0,7.1711,,S,Bosnia,320
321,1,2,"Del Carlo, Mrs. Argene",female,24.0,1,0,2167.0,27.1405,,C,Italy,321
323,1,3,"De Messemaeker, Mr. Guillaume Joseph",male,36.0,1,0,345572.0,17.08,,S,United States,323
324,1,3,"De Messemaeker, Mrs. Anna",female,36.0,1,0,345572.0,17.08,,S,United States,324
325,1,3,"De Mulder, Mr. Theodoor",male,30.0,0,0,345774.0,9.1,,S,Belgium,325
326,0,2,"Denbuoy, Mr. Albert Joseph",male,25.0,0,0,31029.0,31.1,,S,Channel Islands,326
329,0,3,"Dennis, Mr. William",male,26.0,0,0,21175.0,7.05,,S,England,329
332,0,2,"Dibden, Mr. William",male,18.0,0,0,14879.0,73.1,,S,England,332
334,1,1,"Dick, Mrs. Vera",female,17.0,1,0,17474.0,57.0,,S,United States,334
335,0,3,"Dika, Mr. Mirko",male,17.0,0,0,349232.0,7.1711,,S,Croatia (Modern),335
337,0,3,"Dintcheff, Mr. Valtcho",male,43.0,0,0,349226.0,7.1711,,S,,337
338,1,1,"Dodge, Dr. Washington",male,52.0,1,1,33638.0,81.1702,,S,United States,338
340,1,1,"Dodge, Mrs. Ruth",female,34.0,1,1,33638.0,81.1702,,S,United States,340
342,1,2,"Doling, Mrs. Ada Julia Elizabeth",female,34.0,0,1,231919.0,23.0,,S,England,342
343,0,3,"Donohoe, Miss. Bridget",female,21.0,0,0,364856.0,7.15,,Q,Ireland,343
344,0,3,"Dooly, Mr. Patrick",male,37.0,0,0,370376.0,7.15,,Q,Ireland,344
346,0,3,"Dougherty, Mr. William John",male,22.0,0,0,330877.0,8.0902,,Q,Ireland,346
347,1,1,"Douglas, Mrs. Mahala",female,48.0,1,0,17761.0,106.0806,,C,United States,347
348,1,1,"Douglas, Mrs. Mary Hélène",female,27.0,1,1,17558.0,247.1005,,C,Canada,348
350,0,2,"Douton, Mr. William Joseph",male,55.0,0,0,28403.0,26.0,,S,England,350
352,0,3,"Doyle, Miss. Elizabeth",female,28.0,0,0,368702.0,7.15,,Q,Ireland,352
353,0,3,"Drazenovic, Mr. Jozef",male,33.0,0,0,349241.0,7.1711,,C,Croatia (Modern),353
354,1,2,"Drew, Master. Marshall Brines",male,8.0,0,2,28220.0,32.1,,S,United States,354
355,0,2,"Drew, Mr. James Vivian",male,42.0,1,1,28220.0,32.1,,S,England,355
356,1,2,"Drew, Mrs. Maria Louisa Thorne",female,34.0,1,1,28220.0,32.1,,S,United States,356
357,1,3,"Driscoll, Miss. Bridget",female,27.0,0,0,14311.0,7.15,,Q,Ireland,357
358,1,3,"Dropkin, Miss. Jennie",female,24.0,0,0,392083.0,8.01,,S,England,358
359,1,1,"Duff Gordon, Lucy Christiana, Lady",female,48.0,1,0,17485.0,56.1807,,C,England,359
360,1,1,"Duff Gordon, Sir. Cosmo Edmund",male,49.0,1,0,11755.0,39.12,,C,England,360
361,0,1,"Dulles, Mr. William Crothers",male,39.0,0,0,17580.0,29.14,,C,United States,361
362,1,3,"Duquemin, Mr. Joseph Pierre",male,24.0,0,0,752.0,7.11,,S,Channel Islands,362
363,1,2,"Durán i Moné, Sra. Asuncion",female,27.0,1,0,2149.0,13.1702,,C,Spain,363
364,1,2,"Durán i Moné, Sra. Florentina",female,30.0,1,0,2148.0,13.1702,,C,Spain,364
365,0,3,"Dwan, Mr. Frank",male,65.0,0,0,336439.0,7.15,,Q,Ireland,365
366,0,3,"Dyker, Mr. Adolf Fredrik",male,23.0,1,0,347072.0,13.18,,S,United States,366
367,1,3,"Dyker, Mrs. Anna Elisabeth Judith",female,22.0,1,0,347072.0,13.18,,S,United States,367
368,1,1,"Earnshaw, Mrs. Olive",female,23.0,0,1,11767.0,83.0302,,C,United States,368
372,0,3,"Ekström, Mr. Amandus",male,45.0,0,0,347061.0,6.1906,,S,Sweden,372
375,0,3,"Elias Nasrallah, Mr. Tannous",male,22.0,1,1,2695.0,7.0407,,C,Lebanon,375
378,0,2,"Enander, Mr. Ingvar",male,21.0,0,0,236854.0,13.0,,S,Sweden,378
380,0,3,"Estanislau, Mr. Manuel Gonçalves",male,37.0,0,0,3101306.0,7.01,,S,,380
382,0,1,"Evans, Miss. Edith Corse",female,36.0,0,0,17531.0,31.1307,,C,United States,382
383,0,3,"Everett, Mr. Thomas James",male,38.0,0,0,6212.0,15.02,,S,England,383
384,0,2,"Fahlstrøm, Mr. Arne Joma",male,18.0,0,0,236171.0,13.0,,S,Norway,384
385,0,3,"Fardon, Mr. Charles Richard",male,46.0,0,0,3101314.0,7.05,,S,England,385
388,0,2,"Faunthorpe, Mr. Harry Bartram",male,32.0,1,0,2926.0,26.0,,S,England,388
389,0,2,"Fillbrook, Mr. Joseph Charles",male,18.0,0,0,15185.0,10.1,,S,England,389
390,1,3,"Finoli, Mr. Luigi",male,34.0,0,0,3101308.0,7.01,,S,,390
392,1,1,"Flegenheim, Mrs. Antoinette",female,48.0,0,0,17598.0,31.1308,,C,United States,392
393,0,3,"Fleming, Miss. Honor",female,22.0,0,0,364859.0,7.15,,Q,Ireland,393
397,1,1,"Flynn, Mr. John Irwin",male,36.0,0,0,14474.0,26.0509,,S,Canada,397
398,0,3,"Foley, Mr. Joseph",male,19.0,0,0,330910.0,7.1707,,Q,Ireland,398
399,0,3,"Foley, Mr. William",male,20.0,0,0,365235.0,7.15,,Q,Ireland,399
401,0,3,"Ford, Miss. Dollina Margaret",female,20.0,2,2,6608.0,34.0706,,S,England,401
402,0,3,"Ford, Miss. Robina Maggie",female,7.0,2,2,6608.0,34.0706,,S,England,402
403,0,3,"Ford, Mr. Arthur",male,23.0,0,0,1478.0,8.01,,S,England,403
404,0,3,"Ford, Mr. Edward Watson",male,18.0,2,2,6608.0,34.0706,,S,England,404
405,0,3,"Ford, Mrs. Margaret Ann Watson",female,54.0,1,3,6608.0,34.0706,,S,Scotland,405
406,0,3,"Ford, Mr. William Neal Thomas",male,14.0,1,3,6608.0,34.0706,,S,England,406
409,1,1,"Fortune, Miss. Ethel Flora",female,28.0,3,2,19950.0,263.0,,S,Canada,409
413,1,1,"Fortune, Mrs. Mary",female,60.0,1,4,19950.0,263.0,,S,Canada,413
414,0,3,"Fox, Mr. Patrick",male,28.0,0,0,368573.0,7.15,,Q,Ireland,414
415,0,2,"Fox, Mr. Stanley Harrington",male,38.0,0,0,229236.0,13.0,,S,United States,415
417,0,1,"Franklin, Mr. Thomas Parnham",male,37.0,0,0,113778.0,26.11,,S,England,417
419,1,1,"Frauenthal, Mr. Isaac Gerald",male,43.0,1,0,17765.0,27.1405,,C,United States,419
420,1,1,"Frauenthal, Mrs. Clara",female,42.0,1,0,17611.0,133.13,,S,United States,420
422,1,1,"Frölicher-Stehli, Mr. Maximilian Josef",male,60.0,1,1,13567.0,79.04,,C,Switzerland,422
423,1,1,"Frölicher-Stehli, Mrs. Margaretha Emerentia",female,48.0,1,1,13567.0,79.04,,C,Switzerland,423
424,0,2,"Frost, Mr. Anthony Wood",male,39.0,0,0,239854.0,,,B,England,424
428,1,1,"Futrelle, Mrs. Lily May",female,35.0,1,0,113803.0,53.02,,S,England,428
430,0,2,"Gale, Mr. Harry",male,38.0,1,0,28664.0,21.0,,S,England,430
435,0,2,"Gaskell, Mr. William Alfred",male,19.0,0,0,239865.0,26.0,,S,England,435
436,0,2,"Gavey, Mr. Laurence",male,26.0,0,0,31028.0,10.1,,S,Channel Islands,436
438,1,3,"George/Joseph, Mrs. Shawneene",female,38.0,0,0,2688.0,7.0407,,C,United States,438
439,0,3,"Gerios Thamah, Mr. Assaf",male,21.0,0,0,2692.0,7.0406,,C,Lebanon,439
441,1,1,"Gibson, Miss. Dorothy Winifred",female,22.0,0,1,112378.0,59.08,,C,United States,441
442,1,1,"Gibson, Mrs. Pauline Caroline",female,44.0,0,1,112378.0,59.08,,C,United States,442
443,1,1,"Gieger, Miss. Amalie",female,35.0,0,0,113503.0,211.1,,S,,443
444,0,1,"Giglio, Mr. Victor Gaitan Andrea",male,23.0,0,0,17593.0,79.04,,C,,444
445,0,2,"Gilbert, Mr. William",male,47.0,0,0,30769.0,10.1,,S,England,445
446,0,2,"Giles, Mr. Edgar",male,19.0,1,0,28133.0,11.1,,S,England,446
448,0,2,"Giles, Mr. Ralph",male,24.0,0,0,248726.0,13.1,,S,England,448
451,0,2,"Gill, Mr. John",male,24.0,0,0,233866.0,13.0,,S,England,451
452,1,3,"Gilnagh, Miss. Katherine",female,17.0,0,0,35851.0,7.1408,,Q,Ireland,452
456,1,1,"Goldenberg, Mrs. Nella",female,40.0,1,0,17453.0,89.0201,,C,United States,456
458,1,3,"Goldsmith, Master. Frank John William",male,9.0,0,2,363291.0,20.1006,,S,England,458
460,0,3,"Goldsmith, Mr. Nathan",male,41.0,0,0,3101263.0,7.17,,S,,460
461,1,3,"Goldsmith, Mrs. Emily Alice",female,31.0,1,1,363291.0,20.1006,,S,England,461
470,1,1,"Gracie, Colonel. Archibald",male,53.0,0,0,113780.0,28.1,,S,United States,470
473,1,1,"Graham, Mrs. Edith",female,59.0,0,1,17582.0,153.0903,,S,England,473
475,1,1,"Greenfield, Mrs. Blanche",female,45.0,0,1,17759.0,63.0702,,C,United States,475
477,0,3,"Green, Mr. George",male,41.0,0,0,21440.0,8.01,,S,England,477
478,0,3,"Grønnestad, Mr. Daniel Danielsen",male,32.0,0,0,8471.0,8.0615,,S,Norway,478
479,0,3,"Guest, Mr. Charles Robert",male,25.0,0,0,376563.0,8.01,,S,England,479
489,1,3,"Hakkarainen, Mrs. Elin Matilda",female,24.0,1,0,3101279.0,15.17,,S,Finland,489
491,1,2,"Hämäläinen, Master. Viljo Unto Johannes",male,0.5833333333,1,1,250649.0,14.1,,S,United States,491
492,1,2,"Hämäläinen, Mrs. Anna",female,23.0,0,2,250649.0,14.1,,S,United States,492
493,0,3,"Hampe, Mr. Léon Jérome",male,19.0,0,0,345769.0,9.1,,S,Belgium,493
494,1,3,"Hannah, Mr. Borak",male,27.0,0,0,2663.0,7.0407,,C,Lebanon,494
495,0,3,"Hanna, Mr. Boulos",male,18.0,0,0,2664.0,7.0406,,C,Lebanon,495
500,1,3,"Hansen, Mrs. Jennie Louise",female,45.0,1,0,350026.0,14.0202,,S,United States,500
501,0,2,"Harbeck, Mr. William H.",male,45.0,0,0,248746.0,13.0,,S,United States,501
503,1,1,"Harder, Mrs. Dorothy",female,21.0,1,0,11765.0,55.081,,C,United States,503
504,0,3,"Hargadon, Miss. Catherine",female,17.0,0,0,30631.0,7.1408,,Q,Ireland,504
506,1,2,"Harper, Miss. Annie Jessie",female,6.0,0,1,248727.0,33.0,,S,Scotland,506
508,1,1,"Harper, Mrs. Myra Raymond",female,49.0,1,0,17572.0,76.1407,,C,United States,508
510,0,1,"Harrington, Mr. Charles Henry",male,37.0,0,0,113796.0,42.08,,S,England,510
513,1,1,"Harris, Mrs. Irene",female,35.0,1,0,36973.0,83.0906,,S,United States,513
515,0,1,"Harrison, Mr. William Henry",male,46.0,0,0,112059.0,,,S,England,515
516,0,2,"Hartley, Mr. Wallace Henry",male,33.0,,,250654.0,,,S,England,516
520,1,2,"Hart, Mrs. Esther Ada",female,48.0,1,1,13529.0,26.05,,S,England,520
524,0,1,"Hays, Mr. Charles Melville",male,55.0,1,1,12749.0,93.1,,S,Canada,524
525,1,1,"Hays, Mrs. Clara Jennings",female,52.0,1,1,12749.0,93.1,,S,Canada,525
526,0,1,"Head, Mr. Christopher",male,42.0,0,0,113038.0,42.1,,S,England,526
527,1,3,"Healy, Miss. Honor",female,33.0,0,0,370375.0,7.15,,Q,Ireland,527
529,1,3,"Hee, Mr. Ling",male,24.0,0,0,1601.0,56.0911,,S,,529
530,0,3,"Hegarty, Miss. Hanora",female,20.0,0,0,365226.0,6.15,,Q,Ireland,530
533,1,3,"Hellström, Miss. Hilda Maria",female,22.0,0,0,7548.0,8.1903,,S,Sweden,533
535,0,3,"Henriksson, Miss. Jenny Lovisa",female,28.0,0,0,347086.0,7.1506,,S,Sweden,535
536,0,3,"Henry, Miss. Bridget Delia",female,21.0,0,0,382649.0,7.15,,Q,Ireland,536
538,1,2,"Herman, Miss. Kate",female,24.0,1,2,220845.0,65.0,,S,England,538
539,0,2,"Herman, Mr. Samuel",male,50.0,1,2,220845.0,65.0,,S,England,539
540,1,2,"Herman, Mrs. Jane",female,50.0,1,2,220845.0,65.0,,S,India,540
541,1,2,"Hewlett, Mrs. Mary Dunbar",female,56.0,0,0,248706.0,16.0,,S,India,541
545,0,1,"Hilliard, Mr. Herbert Henry",male,44.0,0,0,17463.0,51.1703,,S,England,545
546,0,2,"Hiltunen, Miss. Marta",female,18.0,1,1,250650.0,13.0,,S,Finland,546
547,0,1,"Hipkins, Mr. William Edward",male,55.0,0,0,680.0,50.0,,S,England,547
549,1,1,"Hippach, Mrs. Ida Sophia",female,44.0,0,1,111361.0,57.1907,,C,United States,549
550,1,3,"Hirvonen, Miss. Hildur Elisabeth",female,2.0,0,1,3101298.0,12.0509,,S,Finland,550
551,1,3,"Hirvonen, Mrs. Helga Elisabeth Lindqvist",female,22.0,1,1,3101298.0,12.0509,,S,Finland,551
552,1,2,"Hocking, Miss. Ellen",female,20.0,2,1,29105.0,23.0,,S,England,552
554,0,2,"Hocking, Mr. Samuel James Metcalfe",male,36.0,0,0,242963.0,13.0,,S,England,554
555,1,2,"Hocking, Mrs. Eliza",female,54.0,1,3,29105.0,23.0,,S,England,555
557,1,1,"Hogeboom, Mrs. Anna Louisa",female,51.0,1,0,13502.0,77.1902,,C,United States,557
558,1,2,"Hold, Mrs. Annie Margaret",female,29.0,1,0,26707.0,26.0,,S,England,558
561,0,3,"Holthen, Mr. Johan Martin",male,18.0,0,0,4001.0,22.1006,,S,Norway,561
563,1,1,"Holverson, Mrs. Mary Aline",female,35.0,1,0,113789.0,52.0,,S,United States,563
564,1,1,"Homer, Mr. Harry",male,40.0,0,0,111426.0,26.11,,S,United States,564
569,1,3,"Howard, Miss. May Elizabeth",female,26.0,0,0,39186.0,8.01,,S,England,569
570,0,2,"Howard, Mr. Benjamin",male,63.0,1,0,24065.0,26.0,,S,England,570
571,0,2,"Howard, Mrs. Ellen Truelove",female,61.0,1,0,24065.0,26.0,,S,England,571
573,1,1,"Hoyt, Mrs. Jane Anne",female,31.0,1,0,19943.0,100.0,,S,United States,573
576,0,2,"Hume, Mr. John Law",male,21.0,,,250654.0,,,S,,576
578,1,3,"Hyman, Mr. Abraham Joseph",male,34.0,0,0,3470.0,7.1709,,S,England,578
579,0,3,"Ibrāhīm, Mr. Husayn Mahmūd Husayn",male,11.0,0,0,2699.0,18.1509,,C,,579
580,1,3,"Ibrāhīm, Mrs. Sāfiyah",female,18.0,0,0,2657.0,7.0407,,C,Syria,580
582,1,1,"Icard, Miss. Rose Amélie",female,39.0,0,0,113572.0,80.0,,S,,582
584,0,3,"Ilieff, Mr. Ylio",male,32.0,0,0,349220.0,7.1711,,S,,584
585,0,3,"Ilmakangas, Miss. Ida Livija",female,17.0,1,0,3101270.0,7.1806,,S,United States,585
588,1,1,"Ismay, Mr. Joseph Bruce",male,49.0,0,0,112058.0,,,S,England,588
590,0,3,"Jabbur (Zabour), Miss. Hileni",female,16.0,1,0,2665.0,14.0901,,C,,590
591,0,3,"Jabbur (Zabour), Miss. Thamine",female,19.0,1,0,2665.0,14.0901,,C,,591
592,1,2,"Jacobsohn, Mrs. Amy Frances Christy",female,24.0,2,1,243847.0,27.0,,S,England,592
596,0,3,"Jardim, Mr. José Neto",male,21.0,0,0,3101305.0,7.01,,S,,596
597,0,2,"Jarvis, Mr. Denzil John",male,46.0,0,0,237565.0,15.0,,S,Wales,597
598,0,2,"Jefferys, Mr. Clifford Thomas",male,24.0,2,0,31029.0,31.1,,S,England,598
599,0,2,"Jefferys, Mr. Ernest Wilfred",male,21.0,2,0,31029.0,31.1,,S,England,599
602,0,3,"Jensen, Mr. Niels Rasmus",male,48.0,0,0,350048.0,7.0101,,S,Denmark,602
604,1,3,"Jermyn, Miss. Annie Jane",female,26.0,0,0,14313.0,7.15,,Q,Ireland,604
605,1,2,"Jerwan, Mrs. Marie Marthe",female,23.0,0,0,541.0,13.151,,C,United States,605
606,1,3,"Johannesen, Mr. Bernt Johannes",male,29.0,0,0,65306.0,8.0203,,S,Norway,606
611,0,3,"Johansson, Mr. Nils",male,29.0,0,0,347467.0,7.1701,,S,United States,611
612,1,3,"Johansson Palmquist, Mr. Oskar Leander",male,26.0,0,0,347070.0,7.1506,,S,Sweden,612
615,0,3,"Johnson, Mr. August",male,49.0,,,370160.0,,,S,United States,615
617,1,3,"Johnson, Mrs. Elisabeth Vilhelmina",female,26.0,0,2,347742.0,11.0208,,S,,617
619,0,3,"Johnston, Master. William Andrew",male,8.0,1,2,6607.0,23.09,,S,England,619
620,0,3,"Johnston, Miss. Catherine Nellie",female,7.0,1,2,6607.0,23.09,,S,England,620
621,0,3,"Johnston, Mr. Andrew Emslie",male,35.0,1,2,6607.0,23.09,,S,Scotland,621
622,0,3,"Johnston, Mrs. Eliza",female,36.0,1,2,6607.0,23.09,,S,Scotland,622
623,0,1,"Jones, Mr. Charles Cresson",male,46.0,0,0,694.0,26.0,,S,United States,623
626,0,3,"Jönsson, Mr. Nils Hilding",male,27.0,0,0,350408.0,7.1701,,S,Sweden,626
627,0,3,"Joseph (Shahin), Mr. Elias",male,39.0,0,2,2675.0,7.0407,,C,Lebanon,627
628,0,1,"Julian, Mr. Henry Forbes",male,50.0,0,0,113044.0,26.0,,S,England,628
635,1,2,"Kantor, Mrs. Miriam",female,24.0,1,0,244367.0,26.0,,S,Russia,635
636,0,3,"Karajic, Mr. Milan",male,30.0,0,0,349246.0,7.1711,,S,Hungary,636
637,1,3,"Karlsson, Mr. Einar Gervasius",male,21.0,0,0,350053.0,7.1511,,S,Sweden,637
638,0,3,"Karlsson, Mr. Julius Konrad Eugen",male,33.0,0,0,347465.0,7.1701,,S,Sweden,638
640,0,2,"Karnes, Mrs. Claire",female,22.0,0,0,13534.0,21.0,,S,United States,640
642,1,3,"Karun, Mr. Franz",male,39.0,0,1,349256.0,13.0804,,C,United States,642
643,0,3,"Katavelos, Mr. Vasilios G.",male,19.0,0,0,2682.0,7.0407,,C,Greece,643
644,1,2,"Keane, Miss. Nora Agnes",female,46.0,0,0,226593.0,12.07,,Q,Ireland,644
645,0,3,"Keane, Mr. Andrew",male,23.0,0,0,12460.0,7.15,,Q,Ireland,645
646,0,2,"Keane, Mr. Daniel",male,35.0,0,0,233734.0,12.07,,Q,Ireland,646
648,0,1,"Keeping, Mr. Edwin Herbert",male,33.0,0,0,113503.0,211.1,,S,England,648
649,1,3,"Kelly, Miss. Anna Katherine",female,20.0,0,0,9234.0,7.15,,Q,Ireland,649
653,1,2,"Kelly, Mrs. Fanny Maria",female,49.0,0,0,223596.0,13.1,,S,England,653
654,1,3,"Kennedy, Mr. John",male,24.0,0,0,368783.0,7.15,,Q,Ireland,654
656,0,1,"Kenyon, Mr. Frederick Roland",male,41.0,1,0,17464.0,51.1703,,S,United States,656
657,1,1,"Kenyon, Mrs. Marion Estelle",female,40.0,1,0,17464.0,51.1703,,S,United States,657
658,0,3,"Khalil, Mr. Betros",male,25.0,1,0,2660.0,14.0901,,C,Lebanon,658
659,0,3,"Khalil, Mrs. Zahie",female,20.0,1,0,2660.0,14.0901,,C,Lebanon,659
660,0,3,"Kiernan, Mr. John Joseph",male,25.0,1,0,367227.0,7.15,,Q,Ireland,660
662,0,3,"Kilgannon, Mr. Thomas",male,22.0,0,0,36865.0,7.1409,,Q,Ireland,662
664,1,1,"Kimball, Mrs. Susan Gertrude",female,45.0,1,0,11753.0,52.1101,,S,United States,664
666,1,3,"Kink-Heilmann, Mrs. Luise",female,26.0,1,1,315153.0,22.0,,S,Switzerland,666
667,0,3,"Kink, Miss. Maria",female,23.0,2,0,315152.0,8.1303,,S,Switzerland,667
668,1,3,"Kink, Mr. Anton",male,29.0,3,1,315153.0,22.0,,S,Switzerland,668
670,0,2,"Kirkland, Fr. Charles Leonard",male,52.0,0,0,219533.0,12.07,,Q,United States,670
672,0,3,"Klasén, Miss. Gertrud Emilia",female,1.0,1,1,350405.0,12.0308,,S,Sweden,672
674,0,3,"Klasén, Mrs. Hulda Kristina Eugenia",female,36.0,0,2,350405.0,12.0308,,S,Sweden,674
675,0,2,"Knight, Mr. Robert",male,41.0,0,0,239855.0,,,B,Northern Ireland,675
677,1,3,"Krekorian, Mr. Neshan",male,25.0,0,0,2654.0,7.0407,,C,Turkey,677
678,1,1,"Kreuchen, Miss. Emilie",female,29.0,0,0,24160.0,211.0609,,S,,678
679,0,2,"Krins, Mr. Georges Alexandre",male,23.0,,,250654.0,,,S,England,679
680,0,3,"Kutscher (Lithman), Mr. Simon",male,26.0,0,0,251.0,7.11,,S,Scotland,680
682,0,3,"Lahhūd Ishaq Mu'awwad, Mr. Sarkīs",male,35.0,0,0,2624.0,7.0406,,C,Lebanon,682
683,0,2,"Lahtinen, Fr. William",male,35.0,1,1,250651.0,26.0,,S,United States,683
684,0,2,"Lahtinen, Mrs. Anna Amelia",female,34.0,1,1,250651.0,26.0,,S,United States,684
686,0,2,"Lamb, Mr. John J.",male,31.0,0,0,240261.0,10.1402,,Q,Ireland,686
690,0,3,"Lane, Mr. Patrick",male,17.0,0,0,7935.0,7.15,,Q,Ireland,690
692,1,2,"Laroche, Miss. Louise",female,1.0,1,2,2123.0,41.1107,,C,France,692
695,1,2,"Laroche, Mrs. Juliette Marie Louise",female,22.0,1,2,2123.0,41.1107,,C,France,695
698,0,3,"Larsson, Mr. Edvard",male,22.0,0,0,347065.0,7.1506,,S,Sweden,698
699,1,1,"Leader, Dr. Alice May",female,49.0,0,0,17465.0,25.1807,,S,United States,699
700,0,3,"Lefebvre, Master. Henry",male,5.0,3,1,4133.0,25.0904,,S,,700
701,0,3,"Lefebvre, Miss. Ida",female,3.0,3,1,4133.0,25.0904,,S,,701
702,0,3,"Lefebvre, Miss. Jeannie",female,8.0,3,1,4133.0,25.0904,,S,,702
703,0,3,"Lefebvre, Miss. Mathilde",female,12.0,3,1,4133.0,25.0904,,S,,703
704,0,3,"Lefebvre, Mrs. Frances Marie",female,40.0,0,4,4133.0,25.0904,,S,,704
708,1,2,"Lemore, Mrs. Amelia",female,39.0,0,0,34260.0,10.1,,S,England,708
709,0,3,"Lennon, Miss. Mary",female,18.0,1,0,370371.0,15.1,,Q,Ireland,709
711,1,1,"Leroy, Miss. Berthe",female,27.0,0,0,17761.0,106.0806,,C,France,711
713,1,1,"Lesueur, Mr. Gustave J.",male,35.0,0,0,17755.0,512.0607,,C,,713
720,0,1,"Lindeberg-Lind, Mr. Erik Gustaf",male,42.0,0,0,17475.0,26.11,,S,Sweden,720
722,0,3,"Lindell, Mrs. Elin Gerda",female,30.0,1,0,349910.0,15.11,,S,Sweden,722
724,1,1,"Lindström, Mrs. Sigrid",female,55.0,0,0,112377.0,27.1405,,C,Sweden,724
725,0,3,"Linehan, Mr. Michael",male,21.0,0,0,330971.0,7.1707,,Q,Ireland,725
727,1,1,"Lines, Mrs. Elizabeth Lindsey",female,50.0,0,1,17592.0,39.08,,C,United States,727
728,0,2,"Lingane, Mr. John",male,61.0,0,0,235509.0,12.07,,Q,Ireland,728
730,0,3,"Linhart, Mr. Wenzel",male,27.0,0,0,345775.0,9.1,,S,Austria,730
731,0,3,"Livshin, Mr. David",male,25.0,0,0,374887.0,7.05,,S,Latvia,731
732,0,3,"Lobb, Mrs. Cordelia",female,34.0,1,0,3336.0,16.02,,S,England,732
734,0,3,"Lockyer, Mr. Edward Thomas",male,19.0,0,0,1222.0,7.1707,,S,England,734
737,0,1,"Loring, Mr. Joseph Holland",male,30.0,0,0,113801.0,45.1,,S,United States,737
738,0,2,"Louch, Mr. Charles",male,50.0,1,0,3085.0,26.0,,S,England,738
739,1,2,"Louch, Mrs. Alice Adelaide",female,43.0,1,0,3085.0,26.0,,S,England,739
740,0,3,"Lovell, Mr. John Hall",male,20.0,0,0,21173.0,7.05,,S,England,740
743,1,3,"Lundin, Miss. Olga Elida",female,23.0,0,0,347469.0,7.1701,,S,United States,743
744,1,3,"Lundström, Mr. Thure Edvin",male,32.0,0,0,350403.0,7.1107,,S,Sweden,744
745,1,1,"Lurette, Miss. Eugénie Elise",female,59.0,0,0,17569.0,146.1005,,C,France,745
746,0,3,"Lymperopoulus, Mr. Panagiotis K.",male,30.0,0,0,2683.0,6.0809,,C,Greece,746
747,0,3,"Lyntakoff, Mr. Stanko",male,44.0,0,0,349235.0,7.1711,,S,,747
748,0,3,"MacKay, Mr. George William",male,20.0,0,0,42795.0,7.11,,S,Scotland,748
750,1,3,"Madigan, Miss. Margaret",female,21.0,0,0,370370.0,7.15,,Q,Ireland,750
754,0,1,"Maguire, Mr. John Edward",male,30.0,0,0,110469.0,26.0,,S,United States,754
755,0,3,"Mahon, Miss. Bridget Delia",female,20.0,0,0,330924.0,7.1707,,Q,Ireland,755
756,1,1,"Maioni, Miss. Roberta Elizabeth Mary",female,20.0,0,0,110152.0,86.1,,S,England,756
758,0,3,"Mäkinen, Mr. Kalle Edvard",male,29.0,0,0,3101268.0,7.1806,,S,Finland,758
759,0,2,"Malachard, Mr. Jean-Noël",male,25.0,0,0,237735.0,15.0,,C,France,759
760,1,2,"Mallet, Master. André Clement",male,1.0,0,2,2079.0,37.0,,C,France,760
761,0,2,"Mallet, Mr. Albert Denis Pierre",male,45.0,1,1,2079.0,37.0,,C,France,761
762,1,2,"Mallet, Mrs. Antonine Marie",female,24.0,1,1,2079.0,37.0,,C,France,762
763,1,3,"Māmā, Mr. Hannā Mikā'īl",male,18.0,0,0,2677.0,7.0407,,C,Lebanon,763
765,0,2,"Mangiavacchi, Mr. Serafino Emilio",male,30.0,0,0,32861.0,15.1107,,C,United States,765
766,1,3,"Mannion, Miss. Margaret",female,28.0,0,0,36866.0,7.1409,,Q,Ireland,766
767,0,3,"Mardirosian, Mr. Sarkis",male,25.0,0,0,2655.0,7.0407,,C,Turkey,767
769,0,3,"Marinko, Mr. Dmitri",male,23.0,0,0,349238.0,7.1711,,S,Yugoslavia,769
773,1,1,"Marvin, Mrs. Mary Graham Carmichael",female,18.0,1,0,113773.0,53.02,,S,Scotland,773
774,0,3,"Matinoff, Mr. Nicola",male,30.0,0,0,349255.0,7.1711,,C,Bulgaria,774
776,0,2,"Maybery, Mr. Frank Hubert",male,36.0,0,0,239059.0,16.0,,S,England,776
777,1,1,"Mayné, Mlle. Berthe Antonine",female,24.0,0,0,17482.0,49.1001,,C,Belgium,777
778,0,1,"McCaffry, Mr. Thomas Francis",male,46.0,0,0,13050.0,75.041,,S,Canada,778
779,1,3,"McCarthy, Miss. Catherine",female,25.0,0,0,383123.0,7.15,,Q,Ireland,779
783,1,3,"McCoy, Miss. Alice",female,26.0,2,0,367226.0,23.05,,Q,Ireland,783
785,0,2,"McCrae, Mr. Arthur Gordon",male,32.0,0,0,237216.0,13.1,,S,Australia,785
786,0,2,"McCrie, Mr. James Matthew",male,32.0,0,0,233478.0,13.0,,S,Canada,786
787,1,3,"McDermott, Miss. Bridget Delia",female,31.0,0,0,330932.0,7.1508,,Q,Ireland,787
790,1,3,"McGovern, Ms. Mary",female,22.0,0,0,330931.0,7.1707,,Q,Ireland,790
791,1,3,"McGowan, Miss. Anna Louise",female,17.0,0,0,330923.0,8.0,,Q,United States,791
792,0,3,"McGowan, Miss. Catherine",female,42.0,0,0,9232.0,7.15,,Q,Ireland,792
793,0,2,"McKane, Mr. Peter Daniel",male,46.0,0,0,28403.0,26.0,,S,Channel Islands,793
796,0,3,"McNamee, Mrs. Eileen",female,19.0,1,0,376566.0,16.02,,S,England,796
797,0,3,"McNeill, Miss. Bridget",female,32.0,0,0,370368.0,7.15,,Q,Ireland,797
798,0,3,"Meanwell, Mrs. Marian",female,62.0,0,0,392087.0,8.01,,S,England,798
799,0,3,"Meehan, Mr. John",male,22.0,0,0,3130.0,7.15,,Q,Ireland,799
800,0,3,"Meek, Mrs. Annie Louisa",female,32.0,0,0,343095.0,8.01,,S,England,800
801,1,2,"Mellinger, Miss. Violet Madeline",female,13.0,0,1,250644.0,19.1,,S,England,801
802,1,2,"Mellinger, Mrs. Elizabeth Anne",female,42.0,0,1,250644.0,19.1,,S,England,802
804,0,3,"Meo (Martino), Mr. Alfonzo",male,48.0,0,0,11206.0,8.01,,S,Italy,804
808,1,1,"Meyer, Mrs. Leila",female,25.0,1,0,17604.0,82.0305,,C,United States,808
809,1,3,"Midtsjø, Mr. Karl Albert",male,21.0,0,0,345501.0,7.1506,,S,Norway,809
810,0,3,"Mihoff, Mr. Stoytcho",male,28.0,0,0,349207.0,7.1711,,S,Bulgaria,810
811,0,3,"Miles, Mr. Frank",male,23.0,0,0,359306.0,8.01,,S,England,811
816,1,1,"Minahan, Mrs. Lillian E.",female,37.0,1,0,19928.0,90.0,,Q,United States,816
818,0,3,"Minkoff, Mr. Lazar",male,21.0,0,0,349211.0,7.1711,,S,Bulgaria,818
821,1,3,"Mockler, Miss. Ellen Mary",female,23.0,0,0,330980.0,7.1707,,Q,Ireland,821
822,1,1,"Mock, Mr. Philipp Edmund",male,30.0,1,0,13236.0,57.15,,C,United States,822
825,0,2,"Montvila, Fr. Juozas",male,27.0,0,0,211536.0,13.0,,S,England,825
826,0,1,"Moore, Mr. Clarence Bloomfield",male,47.0,0,0,113796.0,42.08,,S,United States,826
830,1,3,"Moran, Miss. Bridget",female,28.0,1,0,371110.0,24.03,,Q,Ireland,830
833,0,2,"Morley, Mr. Henry Samuel",male,38.0,0,0,250655.0,26.0,,S,England,833
839,1,3,"Mubārik, Master. Halīm",male,4.0,1,1,2661.0,15.0411,,C,Lebanon,839
840,1,3,"Mubārik, Master. Jirjis",male,7.0,1,1,2661.0,15.0411,,C,Lebanon,840
841,1,3,"Mubārik, Mrs. Amīnah",female,25.0,0,2,2661.0,15.0411,,C,Lebanon,841
842,0,2,"Mudd, Mr. Thomas Cupper",male,17.0,0,0,3.0,10.1,,S,England,842
843,1,3,"Mullin, Miss. Catherine",female,21.0,0,0,35852.0,7.1408,,Q,Ireland,843
844,1,3,"Mulvihill, Miss. Bridget Elizabeth",female,25.0,0,0,382653.0,7.15,,Q,Ireland,844
846,1,3,"Murphy, Miss. Catherine",female,18.0,1,0,367230.0,15.1,,Q,Ireland,846
848,1,3,"Murphy, Miss. Nora",female,31.0,0,0,36568.0,15.1,,Q,Ireland,848
849,1,3,"Muslamānī, Mrs. Fatīmah Muhammad",female,22.0,0,0,2649.0,7.0406,,C,Lebanon,849
851,0,2,"Myles, Mr. Thomas Francis",male,63.0,0,0,240276.0,9.1309,,Q,Ireland,851
853,1,3,"Najib Kiamie, Miss. Adele",female,15.0,0,0,2667.0,7.0406,,C,Lebanon,853
854,0,3,"Nakhli, Mr. Toufik",male,17.0,0,0,2641.0,7.0407,,C,Lebanon,854
855,1,3,"Nakid, Miss. Maria",female,1.0,0,2,2653.0,15.141,,C,Lebanon,855
857,1,3,"Nakid, Mrs. Waika",female,19.0,1,1,2653.0,15.141,,C,Lebanon,857
858,0,3,"Nancarrow, Mr. William Henry",male,36.0,0,0,3338.0,8.01,,S,England,858
860,0,3,"Nasr 'Almā, Mr. Mustafà",male,20.0,0,0,2652.0,7.0407,,C,Lebanon,860
862,1,2,"Nasser, Mrs. Adele",female,14.0,1,0,237736.0,30.0105,,C,Lebanon,862
863,0,3,"Nassr Rizq, Mr. Saade",male,20.0,0,0,2676.0,7.0406,,C,Lebanon,863
864,0,1,"Natsch, Mr. Charles",male,36.0,0,1,17596.0,29.14,,C,United States,864
865,0,3,"Naughton, Miss. Hannah",female,21.0,0,0,365237.0,7.15,,Q,Ireland,865
867,1,2,"Navratil, Master. Michel Marcel",male,3.0,1,1,230080.0,26.0,,S,France,867
868,0,2,"Navratil, Mr. Michel",male,32.0,0,2,230080.0,26.0,,S,Slovakia (Modern day),868
869,0,3,"Nenkov, Mr. Hristo",male,22.0,0,0,349234.0,7.1711,,S,,869
870,0,2,"Nesson, Mr. Israel",male,26.0,0,0,244368.0,13.0,,S,England,870
872,1,1,"Newell, Miss. Marjorie Anne",female,23.0,1,0,35273.0,113.0506,,C,United States,872
877,0,3,"Nieminen, Miss. Manta Josefina",female,29.0,0,0,3101297.0,7.1806,,S,Finland,877
878,0,3,"Niklasson, Mr. Samuel",male,28.0,0,0,363611.0,8.01,,S,Sweden,878
879,1,3,"Nilsson, Miss. Berta Olivia",female,18.0,0,0,347066.0,7.1506,,S,Sweden,879
881,0,3,"Nilsson, Mr. August Ferdinand",male,21.0,0,0,350410.0,7.1701,,S,Sweden,881
882,1,3,"Nīqūla Yārid, Master. Ilyās",male,11.0,1,0,2651.0,11.041,,C,Lebanon,882
883,1,3,"Nīqūla Yārid, Miss. Jamilah",female,14.0,1,0,2651.0,11.041,,C,Lebanon,883
886,0,3,"Nofal, Mr. Mansouer",male,20.0,0,0,2697.0,7.0407,,C,Lebanon,886
889,1,1,"Nourney, Mr. Alfred",male,20.0,0,0,2166.0,13.1703,,C,Germany,889
890,1,2,"Nye, Mrs. Elizabeth",female,29.0,0,0,29395.0,10.1,,S,United States,890
893,0,3,"O'Brien, Mr. Denis",male,21.0,0,0,330979.0,7.1607,,Q,Ireland,893
894,1,3,"O'Brien, Mrs. Johanna",female,26.0,1,0,370365.0,15.1,,Q,Ireland,894
896,0,3,"O'Connell, Mr. Patrick Denis",male,18.0,0,0,334912.0,7.1408,,Q,Ireland,896
898,0,3,"O'Connor, Mr. Patrick",male,23.0,0,0,366713.0,7.15,,Q,Ireland,898
900,1,3,"O'Dwyer, Miss. Ellen",female,24.0,0,0,330959.0,7.1707,,Q,Ireland,900
902,1,3,"O'Keefe, Mr. Patrick",male,21.0,0,0,368402.0,7.15,,Q,Ireland,902
903,1,3,"O'Leary, Miss. Hanora",female,16.0,0,0,330919.0,7.1607,,Q,Ireland,903
904,1,1,"Oliva y Ocana, Doña. Fermina",female,39.0,0,0,17758.0,108.18,,C,Spain,904
905,1,3,"Olsen, Master. Artur Karl",male,9.0,0,1,17368.0,3.0305,,S,Norway,905
911,1,3,"Olsson, Mr. Oscar Wilhelm",male,32.0,0,0,347079.0,7.1506,,S,Sweden,911
913,1,1,"Omont, Mr. Alfred Fernand",male,29.0,0,0,12998.0,25.141,,C,France,913
914,0,3,"Oreskovic, Miss. Jelka",female,23.0,0,0,315085.0,8.1303,,S,Croatia,914
918,1,1,"Østby, Miss. Helen Ragnhild",female,22.0,0,1,113509.0,61.1907,,S,United States,918
922,0,1,"Oviés y Rodríguez, Mr. Servando José Florentino",male,36.0,0,0,17562.0,27.1405,,C,Cuba,922
923,1,2,"Oxenham, Mr. Percy Thomas",male,22.0,0,0,14260.0,10.1,,S,England,923
924,1,2,"Padron Manent, Mr. Julian",male,27.0,0,0,2146.0,13.1703,,C,Spain,924
926,1,2,"Pallàs i Castelló, Sr. Emili",male,29.0,0,0,2147.0,13.1702,,C,Spain,926
928,0,3,"Pålsson, Master. Paul Folke",male,6.0,3,1,349909.0,21.0106,,S,Sweden,928
931,0,3,"Pålsson, Mrs. Alma Cornelia",female,29.0,0,4,349909.0,21.0106,,S,Sweden,931
932,0,3,"Panula, Master. Eino Viljam",male,1.0,4,1,3101295.0,39.1309,,S,Finland,932
933,0,3,"Panula, Master. Jaako Arnold",male,15.0,4,1,3101295.0,39.1309,,S,United States,933
937,0,3,"Panula, Mrs. Maija Emelia Abrahamintytar",female,41.0,0,5,3101295.0,39.1309,,S,Finland,937
938,0,2,"Parker, Mr. Clifford Richard",male,17.0,0,0,14888.0,10.1,,S,Channel Islands,938
939,0,2,"Parkes, Mr. Francis",male,21.0,0,0,239853.0,,,B,Northern Ireland,939
942,0,1,"Partner, Mr. Austin",male,40.0,0,0,113043.0,28.1,,S,England,942
946,0,1,"Payne, Mr. Vivian Ponsonby",male,23.0,0,0,12749.0,93.1,,S,Canada,946
947,0,3,"Peacock, Master. Albert Edward",male,0.5833333333,1,1,3101315.0,13.1506,,S,England,947
948,0,3,"Peacock, Miss. Treasteall",female,4.0,1,1,3101315.0,13.1506,,S,England,948
949,0,3,"Peacock, Mrs. Edith",female,26.0,0,2,3101315.0,13.1506,,S,England,949
950,0,3,"Pearce, Mr. Ernest",male,32.0,0,0,343271.0,7.0,,S,England,950
951,1,1,"Pears, Mrs. Edith",female,22.0,1,0,113776.0,66.12,,S,England,951
953,0,3,"Pedersen, Mr. Olaf",male,28.0,0,0,345498.0,7.1506,,S,Norway,953
954,0,3,"Peduzzi, Mr. Giuseppe",male,24.0,0,0,2817.0,8.01,,S,England,954
956,0,3,"Peltomäki, Mr. Nikolai Johannes",male,25.0,0,0,3101291.0,7.1806,,S,Finland,956
957,1,1,"Peñasco y Castellana, Mrs. Maria Josefa Perezde Soto y Vallejo",female,22.0,1,0,17758.0,108.18,,C,Spain,957
958,0,1,"Peñasco y Castellana, Mr. Victor",male,24.0,1,0,17758.0,108.18,,C,Spain,958
962,1,1,"Perreault, Miss. Mary Anne",female,33.0,0,0,12749.0,93.1,,S,Canada,962
964,0,2,"Peruschitz, Fr. Josef",male,41.0,0,0,237393.0,13.0,,S,Germany,964
965,0,3,"Peteranec, Miss. Mathilda",female,28.0,0,0,349245.0,7.1711,,S,Croatia,965
966,1,3,"Peter / Joseph, Master. Michael J.",male,4.0,1,1,2668.0,22.0702,,C,Lebanon,966
967,1,3,"Peter / Joseph, Miss. Anna",female,2.0,1,1,2668.0,22.0702,,C,Lebanon,967
968,0,3,"Petersen, Mr. Marius",male,24.0,0,0,342441.0,8.01,,S,England,968
969,0,3,"Peters, Miss. Catherine",female,28.0,0,0,330935.0,8.0209,,Q,Ireland,969
970,0,3,"Petroff, Mr. Nedialco",male,19.0,0,0,349212.0,7.1711,,S,Bulgaria,970
971,0,3,"Petroff, Mr. Pastcho",male,29.0,0,0,349215.0,7.1711,,S,Bulgaria,971
972,0,3,"Pettersson, Miss. Elin Natalia",female,18.0,0,0,347087.0,7.1506,,S,Sweden,972
973,0,3,"Pettersson, Mr. Johan Emil",male,25.0,1,0,347076.0,7.1506,,S,Sweden,973
975,1,2,"Phillips, Miss. Alice Frances Louisa",female,21.0,0,1,2.0,21.0,,S,England,975
976,1,2,"Phillips, Miss. Kate Florence",female,19.0,0,0,250655.0,26.0,,S,England,976
977,0,2,"Phillips, Mr. Escott Robert",male,43.0,0,1,2.0,21.0,,S,England,977
978,1,3,"Picard, Mr. Benoît",male,33.0,0,0,392078.0,8.01,,S,Poland,978
981,0,3,"Pokrnic, Mr. Mate",male,17.0,0,0,315095.0,8.1303,,S,Croatia,981
982,0,3,"Pokrnic, Mr. Tome",male,24.0,0,0,315092.0,8.1303,,S,Croatia,982
984,1,2,"Portaluppi, Mr. Emilio Ilario Giuseppe",male,30.0,0,0,34644.0,12.1409,,C,United States,984
986,1,1,"Potter, Mrs. Lily Alexenia",female,56.0,0,1,11767.0,83.0302,,C,United States,986
987,0,2,"Pulbaum, Mr. Franz",male,27.0,0,0,2168.0,15.0,,C,United States,987
988,0,3,"Pulner, Mr. Uscher",male,16.0,0,0,3411.0,8.1403,,C,,988
990,1,2,"Quick, Miss. Winifred Vera",female,8.0,1,1,26360.0,26.0,,S,,990
991,1,2,"Quick, Mrs. Jane",female,33.0,0,2,26360.0,26.0,,S,,991
993,0,3,"Rafūl-Būlus, Mr. Bākhūs",male,21.0,0,0,2679.0,7.0406,,C,Lebanon,993
994,0,3,"Rasmussen, Mrs. Lena Jakobsen",female,63.0,0,0,65305.0,8.0203,,S,Norway,994
1000,1,2,"Renouf, Mrs. Lillian",female,30.0,3,0,31027.0,21.0,,S,Channel Islands,1000
1001,0,1,"Reuchlin, Mr. Jonkheer Johan George",male,37.0,0,0,19972.0,,,C,Netherlands,1001
1002,1,2,"Reynalds, Sra. Encarnación",female,29.0,0,0,230434.0,13.0,,S,Spain,1002
1003,0,3,"Reynolds, Mr. Harold",male,21.0,0,0,342684.0,8.01,,S,England,1003
1004,1,1,"Rheims, Mr. George Alexander Lucien",male,33.0,0,0,17607.0,39.12,,C,United States,1004
1005,0,3,"Rice, Master. Albert",male,10.0,4,1,382652.0,29.0206,,Q,Ireland,1005
1008,0,3,"Rice, Master. Eugene Francis",male,2.0,4,1,382652.0,29.0206,,Q,Ireland,1008
1010,0,3,"Rice, Mrs. Margaret",female,39.0,0,5,382652.0,29.0206,,Q,Ireland,1010
1011,0,2,"Richard, Mr. Emile Phillippe",male,23.0,0,0,2133.0,15.0,,C,,1011
1012,1,2,"Richards, Master. Sibley George",male,0.75,1,1,29106.0,18.15,,S,England,1012
1014,1,2,"Richards, Mrs. Emily",female,24.0,2,3,29106.0,18.15,,S,England,1014
1016,0,1,"Righini, Mr. Sante",male,22.0,0,0,17760.0,135.1208,,C,,1016
1017,0,3,"Riihivuori, Miss. Susanna Juhantytär",female,22.0,0,0,3101295.0,39.1309,,S,Finland,1017
1019,1,3,"Riordan, Miss. Hannah",female,22.0,0,0,334915.0,7.1405,,Q,Ireland,1019
1021,0,3,"Risien, Mrs. Emma Jane",female,64.0,0,0,364498.0,14.1,,S,England,1021
1022,1,1,"Robert, Mrs. Elisabeth Walton",female,43.0,0,1,24160.0,211.0609,,S,United States,1022
1023,0,3,"Robins, Mr. Alexander A.",male,50.0,1,0,3337.0,14.1,,S,England,1023
1024,0,3,"Robins, Mrs. Charity",female,48.0,1,0,3337.0,14.1,,S,England,1024
1025,0,1,"Robins, Mr. Victor",male,45.0,0,0,17757.0,247.1006,,C,England,1025
1027,0,2,"Rogers, Mr. Reginald Harry",male,18.0,0,0,28004.0,10.1,,S,England,1027
1029,1,1,"Romaine, Mr. Charles Hallace",male,45.0,0,0,111428.0,26.11,,S,United States,1029
1032,0,3,"Rosblom, Miss. Salli Helena",female,2.0,1,1,370129.0,20.0403,,S,Finland,1032
1033,0,3,"Rosblom, Mrs. Helena Wilhelmina",female,41.0,0,2,370129.0,20.0403,,S,Finland,1033
1035,1,1,"Rosenbaum, Miss. Edith Louise",female,33.0,0,0,17613.0,27.1405,,C,France,1035
1036,0,1,"Rosenshine, Mr. George",male,46.0,0,0,17585.0,79.0,,C,United States,1036
1038,1,1,"Rothes, Lucy Noël Martha, Countess of",female,33.0,0,0,110152.0,86.1,,S,England,1038
1039,1,3,"Roth, Miss. Sarah",female,26.0,0,0,342712.0,8.01,,S,Austria,1039
1040,0,1,"Rothschild, Mr. Martin",male,46.0,1,0,17603.0,59.08,,C,United States,1040
1041,1,1,"Rothschild, Mrs. Elizabeth Jane Anne",female,54.0,1,0,17603.0,59.08,,C,United States,1041
1043,0,1,"Rowe, Mr. Alfred G.",male,59.0,0,0,113790.0,26.11,,S,Peru,1043
1046,1,3,"Ryan, Mr. Edward",male,24.0,0,0,383162.0,7.15,,Q,Ireland,1046
1048,1,1,"Ryerson, Master. John Borie",male,13.0,2,2,17608.0,262.0706,,C,United States,1048
1051,0,1,"Ryerson, Mr. Arthur Larned",male,61.0,1,3,17608.0,262.0706,,C,United States,1051
1052,1,1,"Ryerson, Mrs. Emily Maria",female,48.0,1,3,17608.0,262.0706,,C,United States,1052
1057,0,3,"Sadowitz, Mr. Henry",male,17.0,0,0,1855.0,7.111,,S,England,1057
1058,0,3,"Sæther, Mr. Simon Sivertsen",male,43.0,0,0,3101262.0,7.05,,S,Norway,1058
1059,0,3,"Sage, Master. Anthony William",male,13.0,8,2,2343.0,69.11,,S,England,1059
1062,0,3,"Sage, Miss. Dorothy",female,14.0,8,2,2343.0,69.11,,S,England,1062
1063,0,3,"Sage, Miss. Elizabeth Ada",female,10.0,8,2,2343.0,69.11,,S,England,1063
1064,0,3,"Sage, Miss. Stella Anne",female,21.0,8,2,2343.0,69.11,,S,England,1064
1067,0,3,"Sage, Mr. George John",male,20.0,8,2,2343.0,69.11,,S,England,1067
1068,0,3,"Sage, Mr. John George",male,45.0,1,9,2343.0,69.11,,S,England,1068
1069,0,3,"Sage, Mrs. Annie Elizabeth",female,45.0,1,9,2343.0,69.11,,S,England,1069
1071,0,3,"Salander, Mr. Karl Johan",male,24.0,0,0,7266.0,9.0606,,S,Sweden,1071
1073,1,1,"Salomon, Mr. Abraham Lincoln",male,43.0,0,0,111163.0,26.0,,S,United States,1073
1075,0,3,"Samaan, Mr. Elias",male,17.0,2,0,2662.0,21.1307,,C,Lebanon,1075
1076,0,3,"Samaan, Mr. Hanna Elias",male,40.0,2,0,2662.0,21.1307,,C,Lebanon,1076
1078,1,3,"Sandström, Miss. Beatrice Irene",female,1.0,1,1,9549.0,16.14,,S,Sweden,1078
1080,1,3,"Sandström, Mrs. Agnes Charlotta",female,24.0,0,2,9549.0,16.14,,S,Sweden,1080
1081,1,3,"Sap, Mr. Julius",male,21.0,0,0,345768.0,9.1,,S,Belgium,1081
1085,1,1,"Schabert, Mrs. Emma",female,35.0,1,0,13236.0,57.15,,C,Germany,1085
1086,1,3,"Scheerlinck, Mr. Jean",male,29.0,0,0,345779.0,9.1,,S,Belgium,1086
1087,0,2,"Schmidt, Mr. Augustus",male,22.0,0,0,248659.0,13.0,,S,England,1087
1090,0,3,"Seman, Master. Betros",male,10.0,0,0,2622.0,4.0,,C,Lebanon,1090
1091,1,1,"Serreplan, Miss. Auguste",female,30.0,0,0,113798.0,31.0,,S,,1091
1093,0,3,"Shannon, Mr. Andrew John",male,35.0,,,370160.0,,,S,Ireland,1093
1094,0,2,"Sharp, Mr. Percival",male,29.0,0,0,244358.0,26.0,,S,England,1094
1095,0,3,"Shaughnessy, Mr. Patrick",male,27.0,0,0,370374.0,7.15,,Q,Ireland,1095
1096,0,3,"Shedid, Mr. Daher",male,19.0,0,0,2698.0,7.0406,,C,,1096
1097,0,3,"Shellard, Mr. Frederick William Blainey",male,55.0,0,0,6212.0,15.02,,S,England,1097
1098,1,2,"Shelley, Mrs. Imanita Parrish",female,25.0,0,1,230433.0,26.0,,S,United States,1098
1099,0,3,"Shihāb, Mr. Al-Amīr Fāris",male,26.0,0,0,2631.0,7.0406,,C,Lebanon,1099
1100,1,3,"Shine, Miss. Ellen",female,20.0,0,0,330968.0,7.1607,,Q,Ireland,1100
1102,1,1,"Shutes, Miss. Elizabeth Weed",female,40.0,0,0,17582.0,153.0903,,S,United States,1102
1105,1,1,"Silvey, Mrs. Alice Gray",female,39.0,1,0,13507.0,55.18,,C,United States,1105
1108,1,1,"Simonius-Blumer, Mr. Colonel (Oberst) Alfons",male,56.0,0,0,13213.0,35.1,,S,Switzerland,1108
1109,1,2,"Sincock, Miss. Maude",female,20.0,0,0,33112.0,36.15,,S,England,1109
1112,0,3,"Sirota, Mr. Morris",male,20.0,0,0,392092.0,8.01,,S,England,1112
1121,0,3,"Skoog, Mrs. Anna Bernhardina",female,43.0,1,4,347088.0,27.18,,S,Sweden,1121
1122,0,3,"Skoog, Mr. Wilhelm Johansson",male,40.0,1,4,347088.0,27.18,,S,Sweden,1122
1132,0,1,"Smith, Mr. Lucian Philip",male,24.0,1,0,13695.0,60.0,,C,United States,1132
1134,1,1,"Smith, Mrs. Mary Eloise",female,18.0,1,0,13695.0,60.0,,C,United States,1134
1135,1,3,"Smyth, Miss. Julia",female,18.0,0,0,335432.0,7.1408,,Q,Ireland,1135
1136,0,3,"Smyth, Mr. Thomas",male,27.0,0,0,384461.0,7.15,,Q,Ireland,1136
1137,1,1,"Snyder, Mr. John Pillsbury",male,24.0,1,0,21228.0,82.0504,,S,United States,1137
1138,1,1,"Snyder, Mrs. Nelle",female,23.0,1,0,21228.0,82.0504,,S,United States,1138
1140,0,3,"Søholt, Mr. Peter Andreas Lauritz Andersen",male,19.0,0,0,348124.0,7.13,,S,Norway,1140
1142,0,3,"Spector, Mr. Woolf",male,23.0,0,0,3236.0,8.01,,S,England,1142
1143,1,1,"Spedden, Master. Robert Douglas",male,6.0,0,2,16966.0,134.1,,C,United States,1143
1144,1,1,"Spedden, Mr. Frederic Oakley",male,45.0,1,1,16966.0,134.1,,C,United States,1144
1145,1,1,"Spedden, Mrs. Margaretta Corning",female,39.0,1,1,16966.0,134.1,,C,United States,1145
1146,1,1,"Spencer, Mrs. Marie Eugenie",female,48.0,1,0,17569.0,146.1005,,C,United States,1146
1147,0,1,"Spencer, Mr. William Augustus",male,57.0,1,0,17569.0,146.1005,,C,United States,1147
1148,0,3,"Spinner, Mr. Henry John",male,31.0,0,0,369943.0,8.01,,S,England,1148
1153,0,3,"Stanley, Mr. Rowland Edwin",male,22.0,0,0,45380.0,8.01,,S,England,1153
1154,0,2,"Stanton, Mr. Samuel Ward",male,42.0,0,0,237734.0,15.0,,C,United States,1154
1156,1,1,"Stengel, Mr. Charles Emil Henry",male,54.0,1,0,11778.0,55.081,,C,United States,1156
1157,1,1,"Stengel, Mrs. Annie May",female,43.0,1,0,11778.0,55.081,,C,Ireland,1157
1158,1,1,"Stephenson, Mrs. Martha",female,52.0,1,0,36947.0,78.0504,,C,United States,1158
1159,0,1,"Stewart, Mr. Albert Ankeny",male,64.0,0,0,17605.0,27.1405,,C,United States,1159
1160,0,2,"Stokes, Mr. Philip Joseph",male,24.0,0,0,13540.0,10.1,,S,England,1160
1161,1,1,"Stone, Mrs. Martha Evelyn",female,61.0,0,0,113572.0,80.0,,S,United States,1161
1162,0,3,"Storey, Mr. Thomas",male,59.0,0,0,370160.0,,,S,England,1162
1165,1,3,"Strandén, Mr. Juho Niilosson",male,30.0,0,0,3101288.0,7.1806,,S,Finland,1165
1166,0,1,"Straus, Mr. Isidor",male,67.0,1,0,17483.0,221.1507,,S,United States,1166
1167,0,1,"Straus, Mrs. Rosalie Ida",female,63.0,1,0,17483.0,221.1507,,S,Germany,1167
1168,0,3,"Strilic, Mr. Ivan",male,27.0,0,0,315083.0,8.1303,,S,Croatia,1168
1170,0,3,"Ström, Mrs. Elna Matilda",female,29.0,1,1,347054.0,10.0903,,S,Sweden,1170
1176,1,3,"Svensson, Mr. Johan Cervin",male,14.0,0,0,7538.0,9.0406,,S,Sweden,1176
1178,0,2,"Swane, Mr. George",male,19.0,0,0,248734.0,13.0,,S,England,1178
1179,0,2,"Sweet, Mr. George Frederick",male,14.0,0,0,220845.0,65.0,,S,England,1179
1180,1,1,"Swift, Mrs. Margaret Welles",female,46.0,0,0,17466.0,25.1807,,S,United States,1180
1181,1,3,"Tannūs, Master. As'ad",male,0.4166666667,0,1,2625.0,8.1004,,C,Lebanon,1181
1182,0,3,"Tannūs, Mr. Bashīr",male,30.0,1,0,2621.0,6.0809,,C,Lebanon,1182
1183,1,3,"Tannūs, Mrs. Thamīn",female,16.0,1,1,2625.0,8.1004,,C,Lebanon,1183
1186,1,1,"Taussig, Mrs. Tillie",female,39.0,1,1,110413.0,79.13,,S,United States,1186
1188,0,2,"Taylor, Mr. Percy Cornelius",male,40.0,,,250654.0,,,S,England,1188
1189,1,1,"Taylor, Mrs. Juliet Cummins",female,49.0,1,0,19996.0,52.0,,S,United States,1189
1190,1,3,"Tenglin, Mr. Gunnar Isidor",male,25.0,0,0,350033.0,7.1511,,S,Sweden,1190
1193,1,1,"Thayer, Mrs. Marian Longstreth",female,39.0,1,1,17421.0,110.1708,,C,United States,1193
1195,0,3,"Thomas/Tannous, Mr. John",male,34.0,0,0,2681.0,6.0809,,C,,1195
1196,0,3,"Thomas/Tannous, Mr. Tannous",male,16.0,0,0,2684.0,7.0406,,C,,1196
1197,0,3,"Thompson, Mr. Alexander Mellis",male,37.0,0,0,32302.0,8.01,,S,Scotland,1197
1198,1,1,"Thorne, Miss. Gertrude Maybelle",female,38.0,0,0,17585.0,80.0,,C,United States,1198
1200,1,3,"Thorneycroft, Mrs. Florence Kate",female,33.0,1,0,376564.0,16.02,,S,England,1200
1205,1,2,"Toomey, Miss. Ellen Mary",female,48.0,0,0,13531.0,10.1,,S,Ireland,1205
1206,0,3,"Törber, Mr. Ernst Wilhelm",male,41.0,0,0,364511.0,8.01,,S,England,1206
1207,0,3,"Torfa, Mr. Assad",male,20.0,0,0,2673.0,7.0407,,C,Lebanon,1207
1209,0,3,"Totevski, Mr. Hristo Danchev",male,25.0,0,0,349203.0,7.1711,,S,Bulgaria,1209
1211,1,2,"Trout, Mrs. Jessie Laird",female,27.0,0,0,240929.0,12.13,,S,Scotland,1211
1212,1,2,"Troutt, Miss. Edwina Celia",female,27.0,0,0,34218.0,10.1,,S,England,1212
1213,1,1,"Tucker, Mr. Gilbert Milligan jr",male,31.0,0,0,2543.0,28.1009,,C,United States,1213
1214,1,3,"Tu'mah, Master. Jirjis Yūsuf",male,8.0,1,1,2650.0,15.0411,,C,Lebanon,1214
1215,1,3,"Tu'mah, Miss. Mariyam",female,9.0,1,1,2650.0,15.0411,,C,Lebanon,1215
1216,1,3,"Tu'mah, Mrs. Hinnah",female,27.0,0,2,2650.0,15.0411,,C,Lebanon,1216
1220,0,2,"Turpin, Mrs. Dorothy Ann",female,26.0,1,0,11668.0,21.0,,S,England,1220
1221,0,2,"Turpin, Mr. William John",male,29.0,1,0,11668.0,21.0,,S,England,1221
1222,0,1,"Uruchurtu, Don. Manuel Ramirez",male,39.0,0,0,17601.0,27.1405,,C,Mexico,1222
1223,0,3,"van Billiard, Master. James William",male,10.0,1,1,851.0,14.1,,S,England,1223
1224,0,3,"van Billiard, Master. Walter John",male,9.0,1,1,851.0,14.1,,S,England,1224
1226,0,3,"Van den Steen, Mr. Leo Peter",male,28.0,0,0,345783.0,9.1,,S,Belgium,1226
1227,0,3,"Vandercruyssen, Mr. Victor",male,46.0,0,0,345765.0,9.0,,S,Belgium,1227
1229,0,3,"Vanderplancke, Miss. Augusta Maria",female,18.0,2,0,345764.0,18.0,,S,Belgium,1229
1230,0,3,"Vanderplancke, Mr. Julius",male,31.0,3,0,345763.0,18.0,,S,Belgium,1230
1231,0,3,"Vanderplancke, Mr. Leo Edmondus",male,15.0,2,0,345763.0,18.0,,S,Belgium,1231
1232,0,3,"Vanderplancke, Mrs. Emelie Maria",female,31.0,1,0,345763.0,18.0,,S,Belgium,1232
1233,0,3,"Van de Velde, Mr. Johannes Josef",male,35.0,0,0,345780.0,9.1,,S,Belgium,1233
1234,0,3,"Vandewalle, Mr. Nestor Cyriel",male,28.0,0,0,345770.0,9.1,,S,Belgium,1234
1237,0,3,"Van Impe, Mrs. Rosalie Paula",female,30.0,1,1,345773.0,24.03,,S,Belgium,1237
1238,0,3,"van Melckebeke, Mr. Philemon",male,23.0,0,0,345777.0,9.1,,S,Belgium,1238
1239,1,3,"Vartanian, Mr. David",male,22.0,0,0,2658.0,7.0406,,C,Turkey,1239
1240,0,2,"Veal, Mr. James",male,40.0,0,0,28221.0,13.0,,S,United States,1240
1241,0,3,"Vendel, Mr. Olof Edvin",male,20.0,0,0,350416.0,7.1701,,S,Sweden,1241
1246,1,2,"Wallcroft, Miss. Ellen 'Nellie'",female,36.0,0,0,13528.0,21.0,,S,England,1246
1247,1,1,"Ward, Miss. Annie Moore",female,37.0,0,0,17755.0,512.0607,,C,,1247
1248,0,3,"Ware, Mr. Frederick",male,35.0,0,0,359309.0,8.01,,S,England,1248
1249,0,2,"Ware, Mr. John James",male,47.0,1,0,31352.0,21.0,,S,England,1249
1250,1,2,"Ware, Mrs. Florence Louise",female,32.0,0,0,31352.0,21.0,,S,England,1250
1251,0,2,"Ware, Mr. William Jeffery",male,23.0,1,0,28666.0,10.1,,S,England,1251
1252,0,3,"Warren, Mr. Charles William",male,31.0,0,0,49867.0,7.11,,S,England,1252
1253,0,1,"Warren, Mr. Frank Manley",male,63.0,1,0,110813.0,75.05,,C,United States,1253
1254,1,1,"Warren, Mrs. Anna Sophia",female,60.0,1,0,110813.0,75.05,,C,England,1254
1256,1,2,"Watt, Miss. Robertha Josephine",female,12.0,0,0,33595.0,15.15,,S,Scotland,1256
1257,1,2,"Watt, Mrs. Elizabeth",female,40.0,0,0,33595.0,15.15,,S,Scotland,1257
1258,0,3,"Wazli, Mr. Yousif Ahmed",male,23.0,0,0,2647.0,7.0406,,C,Lebanon,1258
1261,0,1,"Weir, Colonel. John",male,59.0,0,0,113800.0,26.11,,S,United States,1261
1262,0,2,"Weisz, Mr. Léopold",male,37.0,1,0,228414.0,26.0,,S,Hungary,1262
1263,1,2,"Weisz, Mrs. Mathilde Françoise",female,37.0,1,0,228414.0,26.0,,S,England,1263
1264,1,2,"Wells, Master. Ralph Lester",male,2.0,1,1,29103.0,23.0,,S,England,1264
1266,1,2,"Wells, Mrs. Addie Dart",female,29.0,0,2,29103.0,23.0,,S,England,1266
1267,1,3,"Wennerström, Mr. August",male,27.0,0,0,350043.0,7.1511,,S,Sweden,1267
1268,1,2,"West, Miss. Barbara Joyce",female,0.8333333333,1,2,34651.0,27.15,,S,England,1268
1271,1,2,"West, Mrs. Ada Mary",female,33.0,1,2,34651.0,27.15,,S,England,1271
1272,0,2,"Wheadon, Mr. Edward Henry",male,65.0,0,0,24579.0,10.1,,S,England,1272
1273,0,2,"Wheeler, Mr. Edwin Charles",male,26.0,0,0,2159.0,12.1706,,S,England,1273
1274,1,2,"Whilems, Mr. Charles",male,31.0,0,0,244270.0,13.0,,S,England,1274
1277,1,1,"White, Mrs. Ella",female,55.0,0,0,17760.0,135.1208,,C,,1277
1278,0,1,"Wick, Col. George Dennick",male,57.0,1,1,36928.0,164.1704,,S,United States,1278
1280,1,1,"Wick, Mrs. Mary Peebles",female,45.0,1,1,36928.0,164.1704,,S,United States,1280
1281,0,3,"Widegren, Mr. Carl Peter",male,51.0,0,0,347064.0,7.15,,S,Sweden,1281
1282,0,1,"Widener, Mr. George Dunton",male,50.0,1,1,113503.0,211.1,,S,United States,1282
1284,1,1,"Widener, Mrs. Eleanor",female,50.0,1,1,113503.0,211.1,,S,United States,1284
1286,0,3,"Wiklund, Mr. Karl Johan",male,21.0,1,0,3101266.0,6.0911,,S,Finland,1286
1287,1,3,"Wilkes, Mrs. Ellen",female,47.0,1,0,363272.0,7.0,,S,England,1287
1288,1,2,"Wilkinson, Mrs. Elizabeth Anne",female,30.0,1,0,2926.0,26.0,,S,England,1288
1289,1,1,"Willard, Miss. Constance",female,21.0,0,0,113795.0,26.11,,S,United States,1289
1290,0,3,"Willer, Mr. Aaron",male,37.0,0,0,3410.0,8.1403,,C,,1290
1291,0,3,"Willey, Mr. Edward John",male,21.0,0,0,751.0,7.11,,S,Wales,1291
1294,0,1,"Williams, Mr. Fletcher Fellowes Lambert",male,43.0,0,0,113510.0,35.0,,S,United States,1294
1295,0,3,"Williams, Mr. Howard Hugh",male,28.0,0,0,2466.0,8.01,,S,England,1295
1297,1,1,"Williams, Mr. Richard Norris II",male,21.0,0,1,17597.0,61.0707,,C,Switzerland,1297
1298,1,1,"Wilson, Miss. Helen Alice",female,31.0,0,0,16966.0,134.1,,C,,1298
1299,0,3,"Windeløv, Mr. Einar",male,21.0,0,0,3101317.0,7.05,,S,South Africa,1299
1300,0,3,"Wirz, Mr. Albert",male,27.0,0,0,315154.0,8.1303,,S,Switzerland,1300
1301,0,3,"Wiseman, Mr. Philippe",male,54.0,0,0,34244.0,7.05,,S,England,1301
1302,0,3,"Wittevrongel, Mr. Camilius Aloysius",male,36.0,0,0,345771.0,9.1,,S,Belgium,1302
1303,0,2,"Woodward, Mr. John Wesley",male,32.0,,,250654.0,,,S,England,1303
1305,1,2,"Wright, Miss. Marion",female,26.0,0,0,220844.0,13.1,,S,England,1305
1308,1,3,"Yazbeck, Mrs. Selini",female,15.0,1,0,2659.0,14.0901,,C,Lebanon,1308
1310,0,3,"Yousseff (Abi Saab), Mr. Gerios",male,26.0,0,0,2685.0,7.0406,,C,Lebanon,1310
1311,0,3,"Youssiff (Sam'aan), Mr. Gerios",male,45.0,0,0,2628.0,7.0407,,C,Lebanon,1311
1312,1,3,"Yūsuf, Mrs. Kātrīn",female,23.0,0,2,2668.0,22.0702,,C,Lebanon,1312
1313,0,2,"Yvois, Miss. Henriette",female,24.0,0,0,248747.0,13.0,,S,France,1313
1314,0,3,"Zakarian, Mr. Mapriededer",male,22.0,0,0,2656.0,7.0406,,C,Turkey,1314
1315,0,3,"Zakarian, Mr. Ortin",male,27.0,0,0,2670.0,7.0406,,C,Turkey,1315
1316,1,3,"Zenni, Mr. Philip",male,25.0,0,0,2620.0,7.0406,,C,Lebanon,1316
1317,0,3,"Zimmermann, Mr. Leo",male,29.0,0,0,315082.0,7.1706,,S,Germany,1317
